0.	0.	0.	0.	0.	0.	0.	0.	0.	0.	0.	0.	0.	0.	0.	0.	0.	0.	0.	0.	0.	0.	0.	0.	0.	0.	0.	0.	0.	0.	0.	0.	0.	0.	0.	0.	0.	0.	0.	0.	0.	0.	0.	0.	0.	0.
0.4099029858035622	0.39895331789507016	0.38749869322104646	0.3763868864927764	0.3658767609758349	0.35577584700180953	0.3461821942481599	0.337459786468791	0.3298914076862237	0.3226628289728684	0.31624728386837164	0.31043924123342426	0.3052071015300638	0.3007826438998492	0.2965591809436226	0.2927490344522479	0.2892103840588649	0.28609020575388017	0.28323647827645165	0.2807691379856068	0.2782486967295024	0.2760309685841306	0.2741404249506668	0.2720560488611297	0.2702655914676692	0.2687544147787736	0.26719598462711186	0.2657311197024423	0.2643575923844503	0.26306424460372413	0.2618444462363361	0.2606362003270011	0.25955417835130634	0.2585285142355235	0.25755489596470504	0.2566294436391405	0.25574864606451975	0.2549093284937588	0.25419366882810296	0.2533651156868296	0.2526378941122113	0.25194177300094467	0.25127479170413225	0.2506351549967741	0.2501127534960067	0.24942758390216702
0.5787334368140704	0.5631954009300706	0.5524535777754339	0.5440244777610826	0.5323600268590319	0.5201069675754009	0.5079882754043112	0.49504638295910264	0.48320675420800036	0.4721816877062508	0.4623410000275229	0.45321772258223797	0.44491997777242687	0.4373132961855474	0.4303329989272595	0.4240272978901484	0.41824136657846744	0.4130027183808114	0.408208801052603	0.40413211900042356	0.4001042071633929	0.3963860301055354	0.3927754200805187	0.38958025238641397	0.3866011636839382	0.3838172932084176	0.3812104278395827	0.37873939675973495	0.376443549606578	0.3742817364055813	0.3722428725160121	0.37050102660849715	0.3686926732415415	0.3669726664416719	0.36534076385288716	0.36379048439463546	0.3623159532499208	0.3609118325787414	0.35957326149981556	0.35819211823842617	0.35697235407069383	0.3558049028374063	0.3546864822290331	0.3536140832664036	0.3525849421134311	0.35159651522093394
0.4860823728623468	0.48515504677687454	0.48384171165832646	0.4803937531923975	0.4741316576907305	0.4672298093880612	0.4598961354000015	0.4515857767989534	0.44210339325278336	0.43386866285844045	0.4247461323892597	0.41649174168255054	0.4076934892105284	0.39940435987949596	0.390965755901172	0.3845864188291824	0.3783834574757149	0.37159388020066414	0.3659890005800832	0.36085094618968816	0.35609161898780783	0.35169634303712793	0.34848715080817383	0.34417282429999785	0.34072562679237406	0.337448015677685	0.3344009582114605	0.3315420103021365	0.3288546642347699	0.326309066925299	0.32392479692561627	0.32167249496897904	0.31952908732293717	0.3180992978395174	0.3161812005193704	0.31397282798614873	0.31224925695109407	0.3106335517090062	0.3090674970239186	0.3075719869257158	0.30612853833443526	0.30476158507568346	0.30345235599222653	0.3021972965246009	0.30099313962999136	0.2998368770757831
0.28797947648741273	0.29546054918222353	0.30194335176774334	0.30781293188885916	0.31258115801226155	0.3157595731152666	0.3174211298022638	0.31236730240356625	0.310182107341476	0.3073914758374069	0.3027654351816879	0.29727674065764564	0.2912733884251216	0.2866424720817031	0.28000865798660385	0.27713375681773844	0.26946949786722274	0.26471886140539946	0.2598388646296837	0.25476072189265975	0.25003348960996596	0.24563971972757087	0.24148268256131786	0.23776810962664774	0.23423637306258493	0.23093213980483554	0.22784975213000092	0.22496529391897388	0.2222663132519507	0.2196318821574587	0.2172243517453613	0.21500656782517646	0.21285329469566908	0.21081302926334572	0.20887112394967589	0.20703321018397772	0.2052849109610449	0.20361990644662187	0.2020366183191134	0.2005208066213776	0.19907208063943815	0.19769887471008096	0.19631518110160154	0.19504538504317045	0.19382722613490236	0.19265763547357914
0.12816233704726362	0.13590130565163017	0.1444573922603992	0.1535024500650026	0.16007484841008723	0.16885728780628279	0.17681981196723562	0.18377473958760596	0.1880814425989478	0.19157644649659025	0.19424527798060973	0.19477382803770932	0.1934999301290019	0.1909730985608445	0.18750668861803	0.1835247661968567	0.17927939472553117	0.17506377411082125	0.16868288515552843	0.16425956977540823	0.1637118836499628	0.15919715957053962	0.15544808650024372	0.15316618501911233	0.14893134491015766	0.14581095694434149	0.1429298480863021	0.1401800632045553	0.13753501387368727	0.13510878942506294	0.1328235612245619	0.1306645656821945	0.1286215257465094	0.1267169363354819	0.12487652645243844	0.12307469981377919	0.12141498703379694	0.11975214092113093	0.11832524856938728	0.11688673751733278	0.1155118932563139	0.11419674394539657	0.11293738140758458	0.11173034597710613	0.11057245747477562	0.10948571084573547
0.043670062620322005	0.04864846234324349	0.05377345505349758	0.06073881399948511	0.06859769620921362	0.07613398349165741	0.0838767243675218	0.09270045579168225	0.10139072602304205	0.10964188789051231	0.11695286590025264	0.12316283986006459	0.1287545860450058	0.13135369227891253	0.13216295217906948	0.13173941391905436	0.13025724405693187	0.12806183738184365	0.12520013100068156	0.12053456055028847	0.11718350258064904	0.11382586959658754	0.11063671158852753	0.10753940594768965	0.10447816167831264	0.10155811622608074	0.0987227343381443	0.0961267806475091	0.09370997221995352	0.09144448785760846	0.0893130341692146	0.08730257747409842	0.08540236076220326	0.08360311080100392	0.08189665939018903	0.08027573471847843	0.07873382929862911	0.07726510381389733	0.0758643085678244	0.0745267147305847	0.07324805252375921	0.07202445559330181	0.07085241149678748	0.06972871826045487	0.06865044676821377	0.06761490853552786
0.011324090531251763	0.01355226309133392	0.016391191782126238	0.019397410788021655	0.0237239631048501	0.028948203340842027	0.035065313286491095	0.041996430855200405	0.049585942007574275	0.05760652739286247	0.06577638206644505	0.07378670447948123	0.08133124559513537	0.08756692733278619	0.09466996907313335	0.09932801066262632	0.10200918682582633	0.10304636978116906	0.10295245770167563	0.10195198747690283	0.1001783063786293	0.09789342367664527	0.0941608934749698	0.09152831203089529	0.08907485353045934	0.08656703475600795	0.08403255551905287	0.08148342391372085	0.0789291210800919	0.07638122035931276	0.07385945851156196	0.07189179165261401	0.07004418776821836	0.06829924350743023	0.06664616459392134	0.06507693731709563	0.06358491835192578	0.06216432308239167	0.06081000080934571	0.05951731661295737	0.058282077178522976	0.05710047626890906	0.0559690500955974	0.05488463876933734	0.05384435238794818	0.052845541176127046
0.0023479496957064788	0.0030681689540217	0.0039050753507786063	0.005220414494063377	0.007017374417993571	0.00941101143143549	0.0125070102503444	0.016389123830008862	0.021101362095072067	0.026631150385411594	0.032897259922872145	0.039746255398544324	0.046960054450122204	0.05427491850709117	0.06140829489203843	0.06808416071141281	0.07577125715013919	0.08102235713291829	0.08484842826487488	0.08728593261300563	0.08826257769588941	0.08826810824035096	0.08751423832237178	0.08585085772033353	0.08294668595716705	0.08094308189164734	0.07902324516272619	0.07699356888391885	0.07489292150556247	0.07274290199789638	0.07055679628349167	0.06834671627169198	0.06612686237932526	0.06391558831082836	0.061734928817713836	0.0596094756018654	0.05816855000484903	0.05679832656396139	0.0554926994005336	0.05424680239345589	0.053056472838982634	0.05191800308025293	0.050828035911521185	0.04978350939396231	0.048781620421002515	0.04781979645373944
0.00038309665986142004	0.0005361697928332094	0.0007779244285323313	0.0011503438829601818	0.001711756111967288	0.0025364654229534244	0.0037144721327798647	0.005347523315144776	0.007541091616562747	0.010392079299986635	0.013973077772944077	0.018315254572483418	0.023393055970869648	0.02911448484918227	0.03532037016035507	0.04179458918932169	0.04828447191638151	0.054524719524377895	0.06030521904183194	0.06838030828531994	0.07317388253074297	0.07624962408149841	0.07803565648213398	0.07885968242178333	0.07955817167320982	0.07830682181286973	0.07582123019833296	0.07441425017271686	0.07276302478043763	0.07112822135350806	0.06938624332992743	0.06756758634323995	0.06569037681926738	0.06376802839956663	0.06181443469945032	0.05984668324298142	0.05788544814687955	0.05595411613555711	0.05407695838346322	0.05227714029264975	0.05057494007091409	0.049477126587112966	0.048426226040860956	0.04741919967775247	0.04645331662866677	0.04552609043272775
0.00005004936649513548	0.00007753067379707693	0.00012497635097892074	0.00020564053572201633	0.00033948979752977947	0.0005565188893644982	0.0008990308201839486	0.0014240366947825477	0.0022042622457384363	0.00332682396146642	0.004888534892448141	0.006987144752597539	0.009708563523618074	0.013556151559929416	0.017850866767273772	0.022864206431677477	0.028499558077933442	0.03293639411915775	0.03877145699366062	0.04451783971726503	0.04992466114026421	0.055446046822234835	0.06308782207470862	0.06750455274748579	0.07011440512709338	0.07132713566634558	0.07264871241454121	0.07167531502582473	0.06993532538022176	0.06880076458320251	0.06780728651407941	0.06652395689264502	0.06508558270828922	0.0635475404333517	0.061933370839604124	0.06025848930958762	0.058536428492801114	0.05678263499181139	0.05501596238036472	0.05325840070259432	0.051533668376522006	0.04986533575590873	0.04827493384406346	0.04678039693054131	0.04539501441152573	0.04412694381591637
5.21809436174566e-6	8.978380187281945e-6	0.00001613596092429396	0.00002952041361229188	0.00005407063722048108	0.000098026165935315	0.00017470203358460113	0.00030467353423262736	0.0005183594144775045	0.0008586032980395802	0.0013826353405751416	0.00216252457712046	0.003283084216549344	0.00494685965705581	0.007086103329917481	0.009853989720704807	0.013306209020586825	0.017454898480163305	0.022256441016132947	0.027605536600256823	0.03333792568695979	0.03924243796437221	0.045079594651012383	0.04712841964868511	0.052273859397125366	0.05973277291175251	0.06300639136496977	0.06471965184258636	0.06587400263681603	0.0663057389864236	0.06600040625881702	0.06435805158917021	0.06335857843565446	0.06233408324199705	0.061369941619648	0.06007418469771614	0.05868755436041469	0.057228247693273226	0.05570989357746158	0.05414639364585953	0.05255444158433349	0.05095405234341017	0.04936768772833529	0.04781861053177988	0.04632901155958011	0.044918314293551885
4.3063552671058014e-7	8.283556826733123e-7	1.6603471738437424e-6	3.376890697146249e-6	6.853128818453459e-6	0.000013732030403175605	0.00002699800657754732	0.00005186543965625962	0.00009708824043670465	0.0001767508923881533	0.0003125162528395329	0.0005361432524777969	0.0008918553114706364	0.0014378713338452013	0.0022461818570128993	0.0033995763736497276	0.0050517960168519165	0.007199135242502119	0.009951379351562544	0.013349585144078453	0.017390435712193706	0.02201679173064706	0.027114996729000543	0.032520548875795544	0.038031611077081126	0.04342407878964798	0.047756107349059135	0.05005027610493619	0.05640542293029178	0.059033167398717286	0.0606079402806382	0.06143934589347431	0.061557340684129366	0.060366729787322534	0.05965302416829757	0.058754433533417916	0.05781596913561075	0.05691308100434896	0.05578661977560377	0.054517420435582366	0.053180087328977714	0.05178741991746886	0.05035397975678855	0.04889750570397048	0.04743867909692351	0.04599983960150426
2.821033684292096e-8	6.064645561540888e-8	1.3544025917296827e-7	3.058004910591356e-7	6.868993081110805e-7	1.5206266873337922e-6	3.298197158396906e-6	7.545145459618105e-6	0.000014405196983792218	0.000028786260153551894	0.00005585401100337153	0.0001051273266307694	0.00019180696719231166	0.0003390631442405166	0.0005805164470546827	0.0009624485820759496	0.001551347271468852	0.002407595692165954	0.0036168424824721828	0.005272561065501376	0.007451680887322903	0.01021149520943591	0.013577299855961495	0.017529756099167078	0.021998490678685558	0.026862731133551157	0.031959657417812	0.03709769083047236	0.04166647541833078	0.046270993195891105	0.0482800395866492	0.053648282870215	0.05560498994278152	0.0568651914897656	0.05747880605694391	0.057478252046927164	0.05614203657719223	0.0554975473205003	0.05478966569821728	0.05391478351204731	0.05377683929120245	0.05205600523475733	0.05088099286270638	0.04964280865214676	0.04835422974927405	0.04703067435926463
1.45995342928468e-9	3.5080602353463474e-9	8.718327646736964e-9	2.1825355235657873e-8	5.422839269501779e-8	1.431644884587403e-7	3.169191175825765e-7	7.366737352274137e-7	1.6668714702464135e-6	3.6651363680236056e-6	7.82132103445417e-6	0.000016182431510804402	0.00003243790185886737	0.00006295901982250595	0.00011827024670412171	0.0002149695675758721	0.00037799220585379534	0.0006429217398387591	0.0010578156121476337	0.0016837861788450653	0.002627228323239341	0.003907614225954377	0.005582044083873066	0.007807757682224136	0.010587828457839283	0.01393099361326333	0.01780185493468939	0.022117739110944414	0.026752605156211924	0.03154739772804101	0.0363217025633858	0.040223154371275195	0.045094613523943186	0.046679856489980485	0.050851376192299624	0.05260404278179317	0.0535928665513844	0.05401564494273253	0.05317624436516015	0.05262176916952761	0.05201059082146317	0.05132792598600477	0.0505008068829701	0.05038333986845876	0.048770882498542674	0.04767319469524545
5.961976715525426e-11	1.5987478107886684e-10	4.4144218917195427e-10	1.2886120780093598e-9	3.3684319241797246e-9	9.04302544942313e-9	2.3751989286445648e-8	6.084589396450879e-8	1.5167860540773182e-7	3.673154719530367e-7	8.629918982702405e-7	1.965095055272021e-6	4.333343561965016e-6	9.248157069498855e-6	0.000019092892954183648	0.000038116816356665446	0.00007356620114865874	0.00013724130847749872	0.0002474572957438812	0.0004312437218341831	0.0007264137125294603	0.0011829037403760032	0.0018625997383625358	0.002836826843474099	0.0042571632308551766	0.006058874703254327	0.008246405174507315	0.011051904718645695	0.014373816661182292	0.018161122982830288	0.022320284555774218	0.02672214191982195	0.03121267092371776	0.035305982405851505	0.04012700723980405	0.0438458011107699	0.04661912384632757	0.04855253763899636	0.04987589516185436	0.050691179287706216	0.050952302530647905	0.049741092685247894	0.04943195637433039	0.04891952393519988	0.04825280360772384	0.04825358327699566
1.915800491568066e-12	5.72482403078232e-12	1.7540512322667673e-11	5.395022916393807e-11	1.6267920177556022e-10	4.818559199105738e-10	1.3959356501081023e-9	3.943235786769661e-9	1.0836797037206577e-8	2.8924396915490387e-8	7.48796161305957e-8	1.87820740673702e-7	4.5608320855974656e-7	1.0714704341496084e-6	2.4340375066863383e-6	5.344541271751955e-6	0.000011339573505593377	0.000023242846468547333	0.00004601754907705493	0.00008799617537578487	0.00016251835170837684	0.0002899067470305873	0.0004995483249755493	0.0008316371372880123	0.001337923043858276	0.0020806813162653724	0.0031291747934774745	0.004553211284531416	0.006544845168638703	0.008753552419902179	0.011583964329342486	0.014879885964116848	0.01857556233530489	0.02256838383739042	0.02672810525678998	0.030907818038392133	0.03548161463698659	0.03949877080945602	0.042651303233477426	0.044864951969719395	0.046445267361641014	0.047900122087772806	0.04808725853177357	0.04729133283781979	0.047020280122585655	0.04667912913899126
4.835381109503648e-14	1.607627955948392e-13	5.895643851048598e-13	1.847461761165595e-12	6.150219503915804e-12	2.0105201096207972e-11	6.426868030536847e-11	2.0028659451442078e-10	6.071346756979501e-10	1.7870878017567292e-9	5.1008966438720035e-9	1.4103360591924343e-8	3.774024377091763e-8	9.767821417960795e-8	2.4438016388589226e-7	5.907749608025454e-7	1.379491019662135e-6	3.110592589346613e-6	6.771909065142884e-6	0.000014231979208119205	0.000028871679895257256	0.000056535362435848504	0.00010686122669332417	0.0001949862643575145	0.000343499342487513	0.0005843368178832471	0.0009601048151090311	0.001524132034690223	0.0023384984717301507	0.00346944798654137	0.005136267464529146	0.0070733745707287025	0.009318446551932638	0.012168765901556966	0.015429416396965085	0.019021189208920534	0.022834374699417834	0.026738851242921833	0.030442799048541323	0.03537531124234513	0.037524341642589894	0.041370579695943856	0.04321899061595074	0.044512740521321696	0.04564035632261491	0.0449703008457481
9.568507206413368e-16	3.720922595877554e-15	1.3295121076523849e-14	4.947814248627076e-14	1.8187762747129151e-13	6.563857126144279e-13	2.316043205540892e-12	7.96584294500776e-12	2.6645762004603586e-11	8.653185143580855e-11	2.7244621449616234e-10	8.810628397172562e-10	2.597963534177114e-9	7.546610649661581e-9	1.9325391585353168e-8	5.141915731257571e-8	1.3214328672751715e-7	3.2792125059380395e-7	7.856069542690437e-7	1.8166971559313568e-6	4.054640292747553e-6	8.733437817281582e-6	0.000018153909253217607	0.000036417814906282814	0.00007022101856868487	0.00013099338534996972	0.00023582247407865042	0.0004097820823288275	0.0006874677901800715	0.0011137987859429815	0.0017432771045320587	0.0026983851414746664	0.003962228088473245	0.0056302459226328355	0.007747094973433067	0.010329635534541668	0.012793450721066066	0.016006194799772396	0.019479027669918655	0.023096963751656447	0.026732966482623417	0.03145950945280781	0.03485957928892694	0.038050504921849644	0.040137745698510925	0.041662455986585446
1.482858039791706e-17	6.564643537935424e-17	2.5192486117261227e-16	1.0357374408241607e-15	4.204877697971677e-15	1.6757384189309035e-14	6.528510230814355e-14	2.478919023353787e-13	9.152887329133412e-13	3.4778577910539607e-12	1.2296362842973024e-11	3.838939080732251e-11	1.2466743997610173e-10	3.914830091986477e-10	1.1881064468243038e-9	3.483268965942422e-9	9.861645463981493e-9	2.695338262322832e-8	7.110081973530182e-8	1.8098861337325852e-7	4.445090881611269e-7	1.0532173635710424e-6	2.4073271464350677e-6	5.3078596203166405e-6	0.000011289473590805547	0.000023164119054105313	0.00004585418180367671	0.00008758147325181661	0.00016142425456934503	0.0002864519455682529	0.0004905819708364219	0.0008110822488007802	0.0012949446573662237	0.002029960354457063	0.0030391641472202304	0.004401580418669068	0.006170391763286964	0.008378476328100546	0.011028208528865152	0.014083718003229214	0.016596207049903874	0.01993335462190626	0.02333877634505117	0.02671671945304915	0.03126586175437136	0.03458133827507111
1.7976505497478893e-19	8.178306715875028e-19	3.729120490304775e-18	1.6938891207829493e-17	7.596383210062279e-17	3.343708981016069e-16	1.4386503317889986e-15	6.398362897824154e-15	2.6543174707767064e-14	9.743713896285803e-14	3.7249786112395926e-13	1.378917557512861e-12	4.9386699015394235e-12	1.710195166402159e-11	5.722734794462277e-11	1.849625377372783e-10	5.771920729165747e-10	1.738506302042655e-9	5.052877982571732e-9	1.4168255663237832e-8	3.832092263414369e-8	9.996342309786664e-8	2.514725850082209e-7	6.100387877325798e-7	1.4270128665207986e-6	3.2188548068161607e-6	7.001487643625943e-6	0.000014686564197640243	0.000029711875442285668	0.00005797932208456474	0.00010914849701181551	0.00019826615585214185	0.0003485247363973331	0.0005879517095785194	0.0009575036152770578	0.0015058537909393402	0.0023174031683376034	0.0034202157462397235	0.004884204938996621	0.006753223214019371	0.009047567685282636	0.011391688284112654	0.01482534365670566	0.018169309044269926	0.020370544523346256	0.023548356380992314
1.7885893120504104e-21	8.553066246476756e-21	4.3106592071684966e-20	2.1635374521986529e-19	1.071948417794922e-18	5.212421520671117e-18	2.6273946818626657e-17	1.2376202479077202e-16	5.165433765585133e-16	2.248137740209282e-15	9.483443823956536e-15	3.87338472100458e-14	1.530501888113002e-13	5.8465217790581e-13	2.157917030396507e-12	7.69200848881161e-12	2.6469208041522233e-11	8.790123248000046e-11	2.8163224841809874e-10	8.703707859640742e-10	2.594058153150241e-9	7.454926443447433e-9	2.0655905830013656e-8	5.517525159315451e-8	1.4207500314205342e-7	3.5265488071955056e-7	8.437965974311922e-7	1.9462074544367787e-6	4.327359894261082e-6	9.27619722285614e-6	0.00001917222994882696	0.00003821082831304202	0.0000734481333262974	0.00013618835530654992	0.00024364925636262213	0.0004207028402541011	0.0007041224273207963	0.0011291510419348396	0.0017487916707946288	0.0026412953762562493	0.0038418402572230285	0.005408498143636127	0.007374716196786799	0.00974767933249751	0.012002857892849106	0.015571080645518319
1.3608987575759817e-23	6.982915331707904e-23	3.889917741342958e-22	2.1575060179890296e-21	1.181163693787647e-20	6.345696747343319e-20	3.594773209468993e-19	1.7041484342606166e-18	8.435933880889955e-18	4.052484793392559e-17	1.8867480927354846e-16	8.504739479676694e-16	3.708477011779784e-15	1.563201458457912e-14	6.36601319282794e-14	2.503473913128848e-13	9.503096315502423e-13	3.4808507335133922e-12	1.2299266678709402e-11	4.1912356955147195e-11	1.3771679208105196e-10	4.3625636856278424e-10	1.3321353605144786e-9	3.920671185336945e-9	1.1120976181556094e-8	3.039982977042856e-8	8.008115675638038e-8	2.0328962722494822e-7	4.973132024260294e-7	1.1724338550577129e-6	2.6638746033234102e-6	5.833644385000745e-6	0.000012314347306983307	0.00002506018802258167	0.00004917310992670192	0.00009305172195915403	0.00016985293470223373	0.0002991503045196963	0.0005085209331494585	0.0008414524260466768	0.0013284522066162338	0.002025855155780385	0.0030028625158916604	0.004303789975962674	0.005972169041219071	0.0080301603955343
7.294338118471396e-26	4.449234048416816e-25	2.7396100529956454e-24	1.679336457902686e-23	1.0159954208395627e-22	6.390982948481241e-22	3.500989092209738e-21	1.968486439357548e-20	1.0757962256318458e-19	5.705270016867086e-19	2.932303879989099e-18	1.4590644837881945e-17	7.022657791052568e-17	3.267256859936447e-16	1.4684673322552272e-15	6.372801541699796e-15	2.6693240793475768e-14	1.0787598799712561e-13	4.2050592924788603e-13	1.5806457027402525e-12	5.728228416749401e-12	2.0010255351474954e-11	6.737016142712686e-11	2.1858125736185712e-10	6.833556582924191e-10	2.0584340438092996e-9	5.973929151849904e-9	1.6703260547986576e-8	4.499391860843977e-8	1.16766725986391e-7	2.919486922169971e-7	7.032889506075868e-7	1.632402171376774e-6	3.6510856578583523e-6	7.86979688116853e-6	0.00001634961246257152	0.000032743217149446734	0.00006322454275737059	0.00011773228705276207	0.0002114766534810152	0.0003665355608349103	0.0006132073013688281	0.001002366615412099	0.0015577499257789216	0.002332285544427081	0.003402847508327866
3.2793238158778444e-28	2.2119217366139167e-27	1.505559864516156e-26	1.020054206026449e-25	7.232291669452798e-25	4.821614380460334e-24	2.858606505224072e-23	1.7747835127030071e-22	1.0709909950618123e-21	6.271402081786048e-21	3.5588994463722165e-20	1.9551543898707808e-19	1.0389281320414372e-18	5.336034718655196e-18	2.647412142344051e-17	1.2681682516417516e-16	5.862747935573239e-16	2.6148049467161745e-15	1.1247584735997831e-14	4.664972909061778e-14	1.8651497879749918e-13	7.187410417479638e-13	2.6690541241325256e-12	9.550184063126752e-12	3.464149073463107e-11	1.1504297933489341e-10	3.4975765117070217e-10	1.077748114023253e-9	3.1987910592067785e-9	9.144613919254627e-9	2.5179957339596794e-8	6.678221181629676e-8	1.7060661319626138e-7	4.198367662037835e-7	9.952736761628798e-7	2.2730973995395887e-6	5.0020946765704205e-6	0.000010607148422493983	0.000021678216323836846	0.000042707477384629965	0.00008112050300937212	0.000148596956443584	0.0002625822872920625	0.000447755250823721	0.0007370581608275931	0.0011717642474249428
1.1501707825764574e-30	8.578487412933958e-30	6.454911437950894e-29	4.8341920500389695e-28	3.8550095889122836e-27	2.587136127402943e-26	1.8212048909249388e-25	1.248701710762925e-24	8.321553168101853e-24	5.381217403914283e-23	3.3722256327826667e-22	2.045740680896838e-21	1.20033802854339e-20	6.807096377041681e-20	3.7287542937330465e-19	1.9719195349767975e-18	1.0063576378550976e-17	4.954451642764605e-17	2.4938543251950964e-16	1.141144847552447e-15	5.0333053004123855e-15	2.179792722096484e-14	8.927379607195005e-14	3.5229845691595263e-13	1.339354393531602e-12	4.904996473818164e-12	1.730245937345005e-11	5.878641619310181e-11	1.9236510928053475e-10	6.062360121544533e-10	1.839986997757187e-9	5.3782659859543556e-9	1.514002453182582e-8	4.0283992240685176e-8	1.04343663876195e-7	2.492878725580333e-7	6.034650029120875e-7	1.4071433350591814e-6	3.160849591569314e-6	6.840711749779945e-6	0.000014265705641318475	0.00002867169236205053	0.00005554789842315285	0.00010376158686158096	0.00018692915625984023	0.00032488115716442596
3.146566485534753e-33	2.5950247657698537e-32	2.1587252560655255e-31	1.8952242793545384e-30	1.462517363397979e-29	1.1642210833105772e-28	9.051790037827958e-28	6.854822873243924e-27	5.0454714857172194e-26	3.6035531279507414e-25	2.4940705273900926e-24	1.6709717689313666e-23	1.082754145229156e-22	6.780698683048502e-22	4.101461855850553e-21	2.5394080100598913e-20	1.430135633340386e-19	7.914407078534633e-19	4.1452756552657614e-18	2.093128131529573e-17	9.47187773143661e-17	4.4406281638793765e-16	2.006065100374436e-15	8.731282613867625e-15	3.660936824041095e-14	1.4785774269547566e-13	5.751710691781696e-13	2.154869612905564e-12	7.774845612841407e-12	2.701411479944006e-11	9.038670746033925e-11	2.912225589301623e-10	9.035429885292388e-10	2.6994646536378063e-9	7.766370106567666e-9	2.1517001007627803e-8	5.7409713507527094e-8	1.4752007704595487e-7	3.9256695957037415e-7	9.106382719130916e-7	1.9849653507707156e-6	4.383907973793809e-6	9.327999499046707e-6	0.000019125103515172336	0.00003779099999598747	0.00007198410193160769
6.71337702014444e-36	6.122165254237371e-35	5.630656079258289e-34	5.459676393971284e-33	4.6471313882515405e-32	4.08617047562846e-31	3.5093001022561506e-30	2.935560406466395e-29	2.3867329216799648e-28	1.8829279537643143e-27	1.43946501667524e-26	1.0652125123773117e-25	7.623491272463366e-25	5.547311479592795e-24	3.732714741842002e-23	2.450249909302864e-22	1.5231420989846688e-21	8.492274750175915e-21	4.906667971316724e-20	2.733145002153325e-19	1.4674266529006564e-18	7.592502368448136e-18	3.7850911248709704e-17	1.8178928233849056e-16	8.410210463100223e-16	3.7475355221196055e-15	1.608219717692626e-14	6.646183331941369e-14	2.644836284919659e-13	1.0134499354889372e-12	3.739084253722141e-12	1.3282345240144773e-11	4.542788047681255e-11	1.4959064276885393e-10	4.742649512103097e-10	1.447694913929353e-9	4.25482464766288e-9	1.2040613059565869e-8	3.280924709297256e-8	8.608906672135328e-8	2.1753661249552613e-7	5.29399437544404e-7	1.2409133897626725e-6	2.934370216695146e-6	6.058571724683738e-6	0.000012671400075395814
1.1169136402458345e-38	1.1262934402344496e-37	1.1453057719884828e-36	1.2490818282133984e-35	1.1514504511006368e-34	1.1184413671314716e-33	1.0611166649530721e-32	9.805813371966245e-32	8.807338367614773e-31	7.6756613267836e-30	6.482060129252388e-29	5.298625311822639e-28	4.440845618132163e-27	3.3899025023596833e-26	2.545170751576073e-25	1.683757608104072e-24	1.1546663160868168e-23	7.637818152357082e-23	4.87178816251966e-22	2.995722399508055e-21	1.7754621455245904e-20	1.0139887966158895e-19	5.579469172803057e-19	2.9575096735972013e-18	1.5099999811884754e-17	7.425000464158785e-17	3.5159501749619374e-16	1.6031697149170292e-15	7.038436064386951e-15	2.975137585822135e-14	1.2107407294730755e-13	4.743422960658216e-13	1.7890262702222397e-12	6.495571102260204e-12	2.2703312793944036e-11	7.638916702297858e-11	2.474276402739058e-10	7.715173629357694e-10	2.3159831654453582e-9	6.6931811310139705e-9	1.8623308759950995e-8	4.989216487348934e-8	1.2870282944425877e-7	3.1971151788015664e-7	7.648613822923e-7	1.762411781820862e-6
1.4488595997274805e-41	1.6156116196026588e-40	1.925973213468941e-39	2.0324715782960052e-38	2.224548095863638e-37	2.3871632715310262e-36	2.5021560156870977e-35	2.5545879409958784e-34	2.5349260875422862e-33	2.4406859821319548e-32	2.277050269663089e-31	2.1798176253115123e-30	1.937430305231339e-29	1.6327971231434777e-28	1.2352826778047297e-27	9.694099357181105e-27	7.340454987235936e-26	5.36118814237966e-25	3.775640192449259e-24	2.5632912241416266e-23	1.6771971532157963e-22	1.057456894312961e-21	6.4232971727172155e-21	3.75840816484241e-20	2.11808068834157e-19	1.1495371653956596e-18	6.007604193994581e-18	3.023006193113651e-17	1.46454637601547e-16	6.830702250594722e-16	3.066916442117429e-15	1.3255413481978675e-14	5.514722453669789e-14	2.208417145631347e-13	8.512502291356097e-13	3.15825476654237e-12	1.1278449874152692e-11	3.876733818838116e-11	1.2826327088579018e-10	4.084767790483842e-10	1.252200252992393e-9	3.6952001468452848e-9	1.0497365412731344e-8	2.8709489672303152e-8	7.559665991598551e-8	1.9166630342541637e-7
1.465283225811622e-44	1.806849094907713e-43	2.379760097201915e-42	2.770974737513384e-41	3.3507262036623846e-40	3.972685938358178e-39	4.600776670038526e-38	5.189850231080478e-37	5.690003752108215e-36	6.052898501697817e-35	6.614389507056243e-34	6.71554922390033e-33	6.469187078314146e-32	5.596149193219408e-31	5.024344811909079e-30	4.3542395027601805e-29	3.6409083231480164e-28	2.9364227882476612e-27	2.2835284269889622e-26	1.711820353829645e-25	1.236725971760739e-24	8.609232518595112e-24	5.77369670241034e-23	3.729703763637472e-22	2.320416862780826e-21	1.3901980073953233e-20	8.019741412410501e-20	4.454274064292347e-19	2.381723544707838e-18	1.2259514866409264e-17	6.074306700465173e-17	2.8969406627171284e-16	1.3297916479817912e-15	5.875081321887609e-15	2.498152435525534e-14	1.022328464609115e-13	4.0264586681169206e-13	1.526213138560292e-12	5.5675895032023266e-12	1.9547143533453887e-11	6.604966142166206e-11	2.148025476558919e-10	6.723624937491487e-10	2.0257224201931545e-9	5.874754034375621e-9	1.640051888926956e-8
1.155236639511433e-47	1.5753272366015976e-46	2.3345689525260308e-45	2.9449657023865337e-44	3.934637872541518e-43	5.1544750845791196e-42	6.59590574256972e-41	8.221331644887446e-40	9.95952096501875e-39	1.1706243134294727e-37	1.4121900192973053e-36	1.5832103953556463e-35	1.565544552225179e-34	1.6074800932039706e-33	1.5939382852808715e-32	1.5255737554892503e-31	1.4088064712938694e-30	1.2547912923105102e-29	1.0776059912938266e-28	8.920732091846174e-28	7.116907454799753e-27	5.470705091358586e-26	4.0511475883361007e-25	2.889525645219887e-24	1.9848508317065708e-23	1.3128898900736138e-22	8.361428343750973e-22	5.126756216674504e-21	3.0260650319609556e-20	1.719314027781666e-19	9.40255023686371e-19	4.949092972281623e-18	2.5071169818794584e-17	1.222293443317539e-16	5.734746856432823e-16	2.589285110959487e-15	1.1250301881351949e-14	4.70393993440924e-14	1.8926486095653967e-13	7.328058029839123e-13	2.730368588322314e-12	9.789774255362156e-12	3.3779365293549934e-11	1.1216801506389121e-10	3.5845920589737784e-10	1.1025067531473858e-9
7.09976533570192e-51	1.0706597708582697e-49	1.6290254218124582e-48	2.4397256963954847e-47	3.601724544100728e-46	5.2137585299218513e-45	7.372398293214815e-44	1.0154148021458111e-42	1.3592506365030617e-41	1.8705373079971847e-40	2.3941211228241328e-39	2.7051066742587353e-38	3.1750208931030117e-37	3.600799418971253e-36	3.94359771478343e-35	4.168852447718523e-34	4.251968973222423e-33	4.1827093248059647e-32	3.967203002896707e-31	3.6270435729084996e-30	3.195655000986167e-29	2.7127855093608995e-28	2.218400485743529e-27	1.7472827093988435e-26	1.3253271409487033e-25	9.679764471619307e-25	6.806748269294968e-24	4.607918802995783e-23	3.0027710589751265e-22	1.8834689534157587e-21	1.1370621669731519e-20	6.606536631472624e-20	3.694070734673313e-19	1.9877387233060353e-18	1.0292481673152627e-17	5.128311556284019e-17	2.458734547088807e-16	1.13428929913038e-15	5.035069485104216e-15	2.1505694516892223e-14	8.83826853127361e-14	3.4950097714683806e-13	1.3298458287948822e-12	4.868919813728637e-12	1.715345841401827e-11	5.815278729160818e-11
3.401053615483315e-54	5.953155487459368e-53	9.519872311796179e-52	1.5754004484582869e-50	2.5699814719095303e-49	4.111067324538474e-48	6.423945046975173e-47	9.777389091330545e-46	1.5331327367570626e-44	2.238229632659269e-43	2.888097470479592e-42	3.8724968168550733e-41	5.020598860169545e-40	6.289382008648626e-39	7.608489475434242e-38	8.884124419944683e-37	1.0008632170703925e-35	1.087481642123616e-34	1.1392530606633493e-33	1.1504053607350225e-32	1.1194639211925981e-31	1.0495580796629155e-30	9.478933714147008e-30	8.24513841806196e-29	6.90651307787733e-28	5.5703984200758345e-27	4.3254432393125337e-26	3.233314123581566e-25	2.3264786230031116e-24	1.6112003296881656e-23	1.0739121996525793e-22	6.888582634973718e-22	4.2521568539493126e-21	2.5257275800788842e-20	1.4435902242710136e-19	7.939014357651429e-19	4.200896829793173e-18	2.13875062717577e-17	1.0476427549542974e-16	4.937369772826226e-16	2.2387422284700174e-15	9.766462786147667e-15	4.09917258802454e-14	1.6553273932203516e-13	6.43140278457825e-13	2.4041924328292244e-12
1.2698570336783001e-57	2.528113529382365e-56	4.335902575633888e-55	7.92881858698402e-54	1.4293526545541592e-52	2.5267882442475785e-51	4.363388242124112e-50	7.339181531681629e-49	1.2708169592089923e-47	2.0490279409867795e-46	2.9178326863419675e-45	4.3218188784051045e-44	6.189532616530617e-43	8.565167785161292e-42	1.1445885797629634e-40	1.4763349791242896e-39	1.8372123416328485e-38	2.205031404418526e-37	2.5516084995678467e-36	2.846016815089028e-35	3.05900479975286e-34	3.167742464588705e-33	3.159840562564142e-32	3.0356663442289408e-31	2.8083588277981113e-30	2.5015208890123774e-29	2.1451526958953904e-28	1.7708018147412713e-27	1.4070173336263138e-26	1.075997280628326e-25	7.919059473303837e-25	5.608655962711681e-24	4.0523040726216824e-23	2.657193169694507e-22	1.676522295900907e-21	1.0177591228807817e-20	5.944519200468087e-20	3.340513456470115e-19	1.806030919130728e-18	9.393884632285495e-18	4.700757262945074e-17	2.263024626336511e-16	1.0481119172853464e-15	4.4044969498608144e-15	1.88776660548279e-14	7.783847168218759e-14
3.695265790681728e-61	8.127920687324361e-60	1.5390571575233185e-58	3.1100960202751725e-57	6.19607673425025e-56	1.2105122733576985e-54	2.3101898380292953e-53	4.551765288278569e-52	8.362256909882106e-51	1.35899426909077e-49	2.2978789234123898e-48	3.7599498892612366e-47	5.9487090343324694e-46	9.093885740257971e-45	1.3424862355000355e-43	1.9128853818598344e-42	2.6296780061184196e-41	3.4865156803339983e-40	4.4567462090117105e-39	5.491118045662877e-38	6.519502879338919e-37	7.45737400008515e-36	8.216614745650427e-35	8.718920560592036e-34	8.9090365759258e-33	8.76475085827886e-32	8.30114685744994e-31	8.022559095607976e-30	7.038261394338021e-29	5.942752592301157e-28	4.82891022717238e-27	3.7759182522851964e-26	2.8410819023163204e-25	2.05689027870358e-24	1.459081164496004e-23	9.779498191283419e-23	6.305627035357924e-22	3.911527987368453e-21	2.3343207645876223e-20	1.3401758740186987e-19	7.401899155056893e-19	3.932775991167233e-18	2.010139048120384e-17	9.883745860977383e-17	4.675669619708225e-16	2.088531345846689e-15
8.380415807060139e-65	1.935265012308726e-63	4.257358242258343e-62	9.507553923590619e-61	2.093350631405518e-59	4.519943843020486e-58	9.533408431330955e-57	2.0745242999150466e-55	3.9158172649641084e-54	7.551129482673117e-53	1.4105478203346348e-51	2.549832042155698e-50	4.456790930926014e-49	7.526946756878685e-48	1.2275733226932844e-46	1.9323773140023633e-45	2.9347212958466253e-44	4.298451667837888e-43	6.069994588119228e-42	8.261789161438764e-41	1.083584769112246e-39	1.3691809601743761e-38	1.6664225734586576e-37	1.953270449216947e-36	2.3370768286287526e-35	2.538865157445403e-34	2.6551022551457313e-33	2.672725426423938e-32	2.5895244397227086e-31	2.4589914985090665e-30	2.2061966625003585e-29	1.9049900732706532e-28	1.5826569567047341e-27	1.2651292779941919e-26	9.05220995101209e-26	6.696985650690501e-25	4.766704796383599e-24	3.2640566957291846e-23	2.1502349315835615e-22	1.3626768394294995e-21	8.307496857021118e-21	4.8720421300005635e-20	2.748591144499938e-19	1.491638973883205e-18	7.786987065334359e-18	3.910447595541691e-17
1.4811384993250452e-68	3.694749397334137e-67	9.177421062082969e-66	2.265044732086759e-64	5.511835795387896e-63	1.3153443865701117e-61	3.2506327296650806e-60	7.504879887698896e-59	1.5349363440865067e-57	3.2700928382652106e-56	6.748704521772291e-55	1.3478189380227292e-53	2.6027420591966798e-52	4.856424479682952e-51	8.750498333742684e-50	1.5218159488450335e-48	2.5533952205039717e-47	4.131799782233623e-46	6.445931833114854e-45	9.692482561349319e-44	1.4043648522896966e-42	1.960315829507651e-41	2.794006481599702e-40	3.6164203570308106e-39	4.5071306823004435e-38	5.4079934448276424e-37	6.361282993433127e-36	7.071670005167985e-35	7.566277459119931e-34	7.248839383426838e-33	7.18034789618055e-32	6.844243282036535e-31	6.27744235023622e-30	5.539803658870048e-29	4.70370134166751e-28	3.842380771186886e-27	3.019673249133315e-26	2.2829892756194053e-25	1.660425529585426e-24	1.1617039035645768e-23	7.818482913560891e-23	5.061654701655869e-22	3.1520924685954964e-21	1.888150567623581e-20	1.0879319472698524e-19	6.029645794771127e-19
2.1462444644441896e-72	5.6160667932093855e-71	1.5416371616071797e-69	4.2051578250959575e-68	1.1309992517769146e-66	2.983109186980457e-65	8.143392162561647e-64	2.0768182909344522e-62	4.688967322255753e-61	1.1036805992034816e-59	2.516546361521771e-58	5.552908434421848e-57	1.184748566558e-55	2.4424063517443734e-54	4.862268622609926e-53	9.342659518750787e-52	1.7319081338194793e-50	3.0962761745130702e-49	5.3367158488984814e-48	8.865535187603762e-47	1.419137349271175e-45	2.3193343159939733e-44	3.443471079068569e-43	4.9232699448577604e-42	6.901863793623363e-41	9.14607983008879e-40	1.0856508868538586e-38	1.3323851131982629e-37	1.573835131991845e-36	1.7891341912167278e-35	1.9572604872717643e-34	2.060380004254506e-33	2.0869535802063596e-32	2.0338614642489814e-31	1.907004679004955e-30	1.7202232401904503e-29	1.4928059528656708e-28	1.2462124246752703e-27	1.000777099519341e-26	7.730849298742343e-26	5.744485586988314e-25	4.1058221446141304e-24	2.8227116396253754e-23	1.866568587723213e-22	1.1872095867378524e-21	7.262949666517306e-21
2.3647835905183838e-76	6.651685713371679e-75	2.0179567195470888e-73	6.08374479812177e-72	1.808522748834841e-70	5.27234850131088e-69	1.619311389004423e-67	4.163265739445156e-66	1.1162639740661624e-64	2.9029852434503715e-63	7.313463277687464e-62	1.783030437938375e-60	4.20325951980325e-59	9.574139626154447e-58	2.1059166914655306e-56	4.4708535595646034e-55	9.15711419072078e-54	1.8087667195335505e-52	3.4444548377309126e-51	6.321916250565194e-50	1.1846719216982469e-48	2.01731148079035e-47	3.3693274732462197e-46	5.320548096608577e-45	7.527500282407795e-44	1.1012314980424433e-42	1.550863330877572e-41	2.102282543818089e-40	2.7427817905060894e-39	3.4437997512761953e-38	4.161005517403101e-37	4.837743993138694e-36	5.411839288170693e-35	5.824787589778008e-34	6.031517350822713e-33	6.008479387885891e-32	5.758060816815992e-31	5.308179207571926e-30	4.707151981963004e-29	4.0151466083753257e-28	3.294305245175063e-27	2.599774043783218e-26	1.9733681714839121e-25	1.4407016809820477e-24	1.0116431086708075e-23	6.832237918964904e-23
1.976237051683323e-80	6.13864224894988e-79	2.058248192967453e-77	6.858505036641939e-76	2.2535448162188538e-74	7.697602834342359e-73	2.462708960546287e-71	6.990253471210646e-70	2.070831866440472e-68	5.950434789154901e-67	1.6563726539041971e-65	4.4619855523721795e-64	1.1622286829726628e-62	2.9251019105521548e-61	7.10913390677789e-60	1.6676209930077167e-58	3.7739228943049185e-57	8.236442264245385e-56	1.836976593037077e-54	3.723201575554809e-53	7.270766337558937e-52	1.392677993243054e-50	2.5229536675793867e-49	4.093595399221355e-48	6.871188396354795e-47	1.110375938104341e-45	1.7273077637174513e-44	2.5863427806034222e-43	3.727165245840852e-42	5.16905096528963e-41	6.898416786317823e-40	8.858586668002168e-39	1.0945322802254727e-37	1.3011192428344036e-36	1.4880159160124786e-35	1.6371168084527735e-34	1.7326664472998497e-33	1.7639929403423933e-32	1.7274692306052675e-31	1.6272038220342152e-30	1.474279211169089e-29	1.284733424040649e-28	1.0767934924212272e-27	8.680200884667401e-27	6.729736853053437e-26	5.018009243805135e-25